County_Name,NAICS_Industry_Label,NAICS_Code,Firms_2017_Start_Pool,Aggregate_5_Year_Survival_Pct
"Albany County, New York",Total for all sectors,00,7234,72.18
"Albany County, New York","Professional, scientific, and technical services",54,1044,70.82
"Albany County, New York",Other services (except public administration),81,957,79.37
"Albany County, New York",Retail trade,44-45,909,75.06
"Albany County, New York",Accommodation and food services,72,800,60.73
"Albany County, New York",Health care and social assistance,62,680,78.03
"Albany County, New York",Construction,23,646,70.52
"Albany County, New York",Wholesale trade,42,421,83.47
"Albany County, New York",Administrative and support and waste management and remediation services,56,392,66.53
"Albany County, New York",Finance and insurance,52,378,76.98
"Albany County, New York",Real estate and rental and leasing,53,327,65.84
"Albany County, New York",Manufacturing,31-33,206,81.84
"Albany County, New York",Transportation and warehousing,48-49,178,62.31
"Albany County, New York",Educational services,61,140,76.94
"Albany County, New York","Arts, entertainment, and recreation",71,130,68.24
"Albany County, New York",Information,51,113,72.52
"Albany County, New York",Management of companies and enterprises,55,52,94.12
"Albany County, New York",Utilities,22,6,100.00
"Albany County, New York","Mining, quarrying, and oil and gas extraction",21,4,100.00
"Albany County, New York","Agriculture, forestry, fishing and hunting",11,0,100.00
"Allegany County, New York",Total for all sectors,00,605,76.44
"Allegany County, New York",Other services (except public administration),81,118,90.72
"Allegany County, New York",Retail trade,44-45,101,76.38
"Allegany County, New York",Accommodation and food services,72,76,65.98
"Allegany County, New York",Health care and social assistance,62,60,77.31
"Allegany County, New York",Construction,23,44,68.63
"Allegany County, New York","Professional, scientific, and technical services",54,36,92.68
"Allegany County, New York",Manufacturing,31-33,33,75.68
"Allegany County, New York",Information,51,28,100.00
"Allegany County, New York",Finance and insurance,52,19,100.00
"Allegany County, New York",Administrative and support and waste management and remediation services,56,19,86.36
"Allegany County, New York",Wholesale trade,42,17,100.00
"Allegany County, New York",Real estate and rental and leasing,53,14,100.00
"Allegany County, New York",Transportation and warehousing,48-49,13,100.00
"Allegany County, New York","Arts, entertainment, and recreation",71,8,100.00
"Allegany County, New York","Mining, quarrying, and oil and gas extraction",21,7,100.00
"Allegany County, New York",Educational services,61,7,100.00
"Allegany County, New York","Agriculture, forestry, fishing and hunting",11,4,100.00
"Allegany County, New York",Utilities,22,3,100.00
"Allegany County, New York",Management of companies and enterprises,55,0,100.00
"Bronx County, New York",Total for all sectors,00,14407,64.39
"Bronx County, New York",Retail trade,44-45,3344,61.70
"Bronx County, New York",Other services (except public administration),81,1959,65.14
"Bronx County, New York",Real estate and rental and leasing,53,1919,78.50
"Bronx County, New York",Health care and social assistance,62,1649,67.79
"Bronx County, New York",Accommodation and food services,72,1642,62.24
"Bronx County, New York",Construction,23,1067,58.14
"Bronx County, New York",Wholesale trade,42,626,66.90
"Bronx County, New York","Professional, scientific, and technical services",54,590,56.91
"Bronx County, New York",Administrative and support and waste management and remediation services,56,409,57.52
"Bronx County, New York",Transportation and warehousing,48-49,360,50.02
"Bronx County, New York",Manufacturing,31-33,283,69.54
"Bronx County, New York",Educational services,61,221,71.22
"Bronx County, New York",Finance and insurance,52,215,74.00
"Bronx County, New York","Arts, entertainment, and recreation",71,110,60.06
"Bronx County, New York",Information,51,76,49.53
"Bronx County, New York",Management of companies and enterprises,55,24,100.00
"Bronx County, New York","Agriculture, forestry, fishing and hunting",11,0,100.00
"Bronx County, New York","Mining, quarrying, and oil and gas extraction",21,0,100.00
"Bronx County, New York",Utilities,22,0,100.00
"Broome County, New York",Total for all sectors,00,3182,72.38
"Broome County, New York",Retail trade,44-45,462,74.62
"Broome County, New York",Other services (except public administration),81,446,80.37
"Broome County, New York",Accommodation and food services,72,404,63.59
"Broome County, New York",Construction,23,327,64.86
"Broome County, New York",Health care and social assistance,62,326,75.93
"Broome County, New York","Professional, scientific, and technical services",54,257,69.73
"Broome County, New York",Wholesale trade,42,175,84.77
"Broome County, New York",Manufacturing,31-33,159,80.79
"Broome County, New York",Administrative and support and waste management and remediation services,56,153,65.89
"Broome County, New York",Finance and insurance,52,132,76.62
"Broome County, New York",Real estate and rental and leasing,53,122,69.75
"Broome County, New York",Transportation and warehousing,48-49,91,75.49
"Broome County, New York","Arts, entertainment, and recreation",71,60,67.67
"Broome County, New York",Information,51,55,79.86
"Broome County, New York",Educational services,61,37,89.19
"Broome County, New York",Management of companies and enterprises,55,24,100.00
"Broome County, New York","Agriculture, forestry, fishing and hunting",11,5,100.00
"Broome County, New York","Mining, quarrying, and oil and gas extraction",21,5,100.00
"Broome County, New York",Utilities,22,0,100.00
"Cattaraugus County, New York",Total for all sectors,00,1271,72.05
"Cattaraugus County, New York",Retail trade,44-45,246,77.42
"Cattaraugus County, New York",Other services (except public administration),81,196,82.36
"Cattaraugus County, New York",Accommodation and food services,72,161,59.49
"Cattaraugus County, New York",Construction,23,112,53.91
"Cattaraugus County, New York",Health care and social assistance,62,107,73.60
"Cattaraugus County, New York","Professional, scientific, and technical services",54,86,79.35
"Cattaraugus County, New York",Manufacturing,31-33,66,90.48
"Cattaraugus County, New York",Wholesale trade,42,55,78.24
"Cattaraugus County, New York",Administrative and support and waste management and remediation services,56,47,59.64
"Cattaraugus County, New York",Finance and insurance,52,45,86.96
"Cattaraugus County, New York",Transportation and warehousing,48-49,43,62.73
"Cattaraugus County, New York",Real estate and rental and leasing,53,36,92.31
"Cattaraugus County, New York",Information,51,22,100.00
"Cattaraugus County, New York","Arts, entertainment, and recreation",71,19,86.36
"Cattaraugus County, New York","Mining, quarrying, and oil and gas extraction",21,16,100.00
"Cattaraugus County, New York","Agriculture, forestry, fishing and hunting",11,10,100.00
"Cattaraugus County, New York",Educational services,61,10,100.00
"Cattaraugus County, New York",Management of companies and enterprises,55,8,100.00
"Cattaraugus County, New York",Utilities,22,5,100.00
"Cayuga County, New York",Total for all sectors,00,1273,73.52
"Cayuga County, New York",Construction,23,191,68.08
"Cayuga County, New York",Retail trade,44-45,187,77.31
"Cayuga County, New York",Other services (except public administration),81,157,80.40
"Cayuga County, New York",Health care and social assistance,62,135,73.95
"Cayuga County, New York",Accommodation and food services,72,128,65.00
"Cayuga County, New York",Manufacturing,31-33,77,83.31
"Cayuga County, New York","Professional, scientific, and technical services",54,75,69.26
"Cayuga County, New York",Wholesale trade,42,70,88.16
"Cayuga County, New York",Transportation and warehousing,48-49,48,70.25
"Cayuga County, New York",Real estate and rental and leasing,53,48,65.07
"Cayuga County, New York",Administrative and support and waste management and remediation services,56,45,76.44
"Cayuga County, New York",Finance and insurance,52,42,93.48
"Cayuga County, New York","Arts, entertainment, and recreation",71,33,76.16
"Cayuga County, New York",Information,51,23,100.00
"Cayuga County, New York",Educational services,61,14,100.00
"Cayuga County, New York",Management of companies and enterprises,55,7,100.00
"Cayuga County, New York","Agriculture, forestry, fishing and hunting",11,6,100.00
"Cayuga County, New York","Mining, quarrying, and oil and gas extraction",21,0,100.00
"Cayuga County, New York",Utilities,22,0,100.00
"Chautauqua County, New York",Total for all sectors,00,2235,75.90
"Chautauqua County, New York",Other services (except public administration),81,368,81.86
"Chautauqua County, New York",Retail trade,44-45,324,74.40
"Chautauqua County, New York",Accommodation and food services,72,262,64.65
"Chautauqua County, New York",Construction,23,203,69.56
"Chautauqua County, New York",Health care and social assistance,62,191,78.01
"Chautauqua County, New York","Professional, scientific, and technical services",54,170,79.28
"Chautauqua County, New York",Manufacturing,31-33,169,85.16
"Chautauqua County, New York",Wholesale trade,42,109,87.33
"Chautauqua County, New York",Finance and insurance,52,95,88.72
"Chautauqua County, New York",Administrative and support and waste management and remediation services,56,85,71.71
"Chautauqua County, New York",Real estate and rental and leasing,53,73,79.76
"Chautauqua County, New York",Transportation and warehousing,48-49,65,65.42
"Chautauqua County, New York","Arts, entertainment, and recreation",71,51,72.91
"Chautauqua County, New York",Information,51,41,100.00
"Chautauqua County, New York",Educational services,61,22,82.61
"Chautauqua County, New York","Mining, quarrying, and oil and gas extraction",21,13,100.00
"Chautauqua County, New York",Management of companies and enterprises,55,11,100.00
"Chautauqua County, New York",Utilities,22,7,100.00
"Chautauqua County, New York","Agriculture, forestry, fishing and hunting",11,6,100.00
"Chemung County, New York",Total for all sectors,00,1359,74.88
"Chemung County, New York",Retail trade,44-45,235,79.23
"Chemung County, New York",Other services (except public administration),81,186,77.36
"Chemung County, New York",Accommodation and food services,72,167,69.79
"Chemung County, New York",Health care and social assistance,62,137,76.99
"Chemung County, New York",Construction,23,131,65.63
"Chemung County, New York",Wholesale trade,42,84,91.67
"Chemung County, New York",Manufacturing,31-33,80,83.19
"Chemung County, New York","Professional, scientific, and technical services",54,80,78.05
"Chemung County, New York",Real estate and rental and leasing,53,65,58.56
"Chemung County, New York",Administrative and support and waste management and remediation services,56,62,76.08
"Chemung County, New York",Finance and insurance,52,54,94.64
"Chemung County, New York",Transportation and warehousing,48-49,37,78.22
"Chemung County, New York","Arts, entertainment, and recreation",71,27,100.00
"Chemung County, New York",Information,51,15,100.00
"Chemung County, New York",Educational services,61,14,73.33
"Chemung County, New York",Management of companies and enterprises,55,11,100.00
"Chemung County, New York","Mining, quarrying, and oil and gas extraction",21,3,100.00
"Chemung County, New York","Agriculture, forestry, fishing and hunting",11,0,100.00
"Chemung County, New York",Utilities,22,0,100.00
"Chenango County, New York",Total for all sectors,00,715,71.53
"Chenango County, New York",Retail trade,44-45,114,77.36
"Chenango County, New York",Other services (except public administration),81,107,79.29
"Chenango County, New York",Accommodation and food services,72,83,58.93
"Chenango County, New York",Construction,23,73,66.66
"Chenango County, New York",Health care and social assistance,62,73,82.52
"Chenango County, New York",Manufacturing,31-33,57,80.00
"Chenango County, New York","Professional, scientific, and technical services",54,48,77.21
"Chenango County, New York",Finance and insurance,52,26,100.00
"Chenango County, New York",Wholesale trade,42,23,88.89
"Chenango County, New York",Administrative and support and waste management and remediation services,56,23,74.03
"Chenango County, New York","Arts, entertainment, and recreation",71,22,100.00
"Chenango County, New York",Real estate and rental and leasing,53,21,100.00
"Chenango County, New York",Information,51,18,72.22
"Chenango County, New York",Transportation and warehousing,48-49,16,76.47
"Chenango County, New York",Educational services,61,8,100.00
"Chenango County, New York","Agriculture, forestry, fishing and hunting",11,7,100.00
"Chenango County, New York",Management of companies and enterprises,55,3,100.00
"Chenango County, New York","Mining, quarrying, and oil and gas extraction",21,0,100.00
"Chenango County, New York",Utilities,22,0,100.00
"Clinton County, New York",Total for all sectors,00,1414,72.30
"Clinton County, New York",Retail trade,44-45,267,76.94
"Clinton County, New York",Health care and social assistance,62,177,70.58
"Clinton County, New York",Accommodation and food services,72,142,71.70
"Clinton County, New York",Other services (except public administration),81,137,61.39
"Clinton County, New York",Construction,23,118,69.07
"Clinton County, New York","Professional, scientific, and technical services",54,97,70.46
"Clinton County, New York",Transportation and warehousing,48-49,89,81.71
"Clinton County, New York",Manufacturing,31-33,74,77.28
"Clinton County, New York",Wholesale trade,42,72,79.07
"Clinton County, New York",Real estate and rental and leasing,53,68,75.74
"Clinton County, New York",Finance and insurance,52,58,94.74
"Clinton County, New York",Administrative and support and waste management and remediation services,56,56,68.01
"Clinton County, New York",Information,51,23,100.00
"Clinton County, New York","Arts, entertainment, and recreation",71,23,86.96
"Clinton County, New York",Educational services,61,11,100.00
"Clinton County, New York","Agriculture, forestry, fishing and hunting",11,6,100.00
"Clinton County, New York",Utilities,22,5,100.00
"Clinton County, New York",Management of companies and enterprises,55,4,100.00
"Clinton County, New York","Mining, quarrying, and oil and gas extraction",21,3,100.00
"Columbia County, New York",Total for all sectors,00,1504,69.20
"Columbia County, New York",Retail trade,44-45,231,72.29
"Columbia County, New York",Construction,23,219,70.94
"Columbia County, New York",Accommodation and food services,72,166,60.22
"Columbia County, New York","Professional, scientific, and technical services",54,150,62.11
"Columbia County, New York",Other services (except public administration),81,136,71.54
"Columbia County, New York",Health care and social assistance,62,133,75.57
"Columbia County, New York",Administrative and support and waste management and remediation services,56,77,73.39
"Columbia County, New York",Manufacturing,31-33,76,71.61
"Columbia County, New York","Arts, entertainment, and recreation",71,59,76.67
"Columbia County, New York",Real estate and rental and leasing,53,55,61.83
"Columbia County, New York",Wholesale trade,42,50,86.25
"Columbia County, New York",Transportation and warehousing,48-49,45,64.16
"Columbia County, New York",Information,51,39,76.97
"Columbia County, New York",Finance and insurance,52,37,92.11
"Columbia County, New York",Educational services,61,19,80.00
"Columbia County, New York","Agriculture, forestry, fishing and hunting",11,7,100.00
"Columbia County, New York",Management of companies and enterprises,55,6,100.00
"Columbia County, New York",Utilities,22,3,100.00
"Columbia County, New York","Mining, quarrying, and oil and gas extraction",21,0,100.00
"Cortland County, New York",Total for all sectors,00,821,73.51
"Cortland County, New York",Retail trade,44-45,145,78.96
"Cortland County, New York",Accommodation and food services,72,111,64.14
"Cortland County, New York",Other services (except public administration),81,107,78.83
"Cortland County, New York",Health care and social assistance,62,84,73.10
"Cortland County, New York","Professional, scientific, and technical services",54,70,70.11
"Cortland County, New York",Construction,23,67,60.22
"Cortland County, New York",Manufacturing,31-33,54,94.44
"Cortland County, New York",Real estate and rental and leasing,53,34,81.34
"Cortland County, New York",Finance and insurance,52,32,100.00
"Cortland County, New York",Wholesale trade,42,31,81.48
"Cortland County, New York",Administrative and support and waste management and remediation services,56,27,90.91
"Cortland County, New York","Arts, entertainment, and recreation",71,22,100.00
"Cortland County, New York",Transportation and warehousing,48-49,17,71.58
"Cortland County, New York",Information,51,15,100.00
"Cortland County, New York",Management of companies and enterprises,55,8,100.00
"Cortland County, New York","Agriculture, forestry, fishing and hunting",11,5,100.00
"Cortland County, New York",Educational services,61,5,100.00
"Cortland County, New York","Mining, quarrying, and oil and gas extraction",21,0,100.00
"Cortland County, New York",Utilities,22,0,100.00
"Delaware County, New York",Total for all sectors,00,781,70.14
"Delaware County, New York",Retail trade,44-45,126,78.04
"Delaware County, New York",Other services (except public administration),81,117,86.46
"Delaware County, New York",Accommodation and food services,72,93,62.53
"Delaware County, New York",Construction,23,83,60.66
"Delaware County, New York","Professional, scientific, and technical services",54,66,55.12
"Delaware County, New York",Health care and social assistance,62,63,76.11
"Delaware County, New York",Manufacturing,31-33,52,86.54
"Delaware County, New York",Information,51,28,100.00
"Delaware County, New York",Real estate and rental and leasing,53,27,75.98
"Delaware County, New York",Wholesale trade,42,26,81.48
"Delaware County, New York","Arts, entertainment, and recreation",71,24,76.40
"Delaware County, New York",Transportation and warehousing,48-49,23,82.61
"Delaware County, New York",Finance and insurance,52,22,100.00
"Delaware County, New York",Administrative and support and waste management and remediation services,56,21,54.55
"Delaware County, New York","Agriculture, forestry, fishing and hunting",11,10,100.00
"Delaware County, New York","Mining, quarrying, and oil and gas extraction",21,3,100.00
"Delaware County, New York",Utilities,22,3,100.00
"Delaware County, New York",Educational services,61,3,100.00
"Delaware County, New York",Management of companies and enterprises,55,0,100.00
"Dutchess County, New York",Total for all sectors,00,6046,69.57
"Dutchess County, New York",Construction,23,835,67.86
"Dutchess County, New York",Retail trade,44-45,815,72.94
"Dutchess County, New York",Accommodation and food services,72,707,61.00
"Dutchess County, New York","Professional, scientific, and technical services",54,691,67.09
"Dutchess County, New York",Other services (except public administration),81,691,73.84
"Dutchess County, New York",Health care and social assistance,62,637,71.36
"Dutchess County, New York",Administrative and support and waste management and remediation services,56,325,68.44
"Dutchess County, New York",Real estate and rental and leasing,53,260,69.74
"Dutchess County, New York",Wholesale trade,42,220,78.39
"Dutchess County, New York",Finance and insurance,52,198,76.67
"Dutchess County, New York",Manufacturing,31-33,176,73.80
"Dutchess County, New York","Arts, entertainment, and recreation",71,144,68.82
"Dutchess County, New York",Transportation and warehousing,48-49,134,61.05
"Dutchess County, New York",Educational services,61,101,79.56
"Dutchess County, New York",Information,51,87,71.11
"Dutchess County, New York",Management of companies and enterprises,55,32,100.00
"Dutchess County, New York","Agriculture, forestry, fishing and hunting",11,31,65.02
"Dutchess County, New York","Mining, quarrying, and oil and gas extraction",21,9,100.00
"Dutchess County, New York",Utilities,22,8,100.00
"Erie County, New York",Total for all sectors,00,16531,70.20
"Erie County, New York",Other services (except public administration),81,2069,75.88
"Erie County, New York",Retail trade,44-45,1973,69.80
"Erie County, New York","Professional, scientific, and technical services",54,1849,69.85
"Erie County, New York",Health care and social assistance,62,1791,72.84
"Erie County, New York",Construction,23,1711,66.36
"Erie County, New York",Accommodation and food services,72,1676,65.17
"Erie County, New York",Administrative and support and waste management and remediation services,56,1146,62.13
"Erie County, New York",Wholesale trade,42,961,77.02
"Erie County, New York",Manufacturing,31-33,873,80.37
"Erie County, New York",Finance and insurance,52,755,76.49
"Erie County, New York",Real estate and rental and leasing,53,638,64.97
"Erie County, New York",Transportation and warehousing,48-49,478,69.19
"Erie County, New York","Arts, entertainment, and recreation",71,310,67.60
"Erie County, New York",Educational services,61,287,78.20
"Erie County, New York",Information,51,179,64.56
"Erie County, New York",Management of companies and enterprises,55,136,96.95
"Erie County, New York","Mining, quarrying, and oil and gas extraction",21,12,100.00
"Erie County, New York",Utilities,22,12,100.00
"Erie County, New York","Agriculture, forestry, fishing and hunting",11,8,100.00
"Essex County, New York",Total for all sectors,00,897,72.76
"Essex County, New York",Accommodation and food services,72,175,63.07
"Essex County, New York",Retail trade,44-45,155,72.18
"Essex County, New York",Construction,23,104,70.68
"Essex County, New York",Other services (except public administration),81,95,85.08
"Essex County, New York",Health care and social assistance,62,67,85.16
"Essex County, New York","Professional, scientific, and technical services",54,61,84.35
"Essex County, New York",Administrative and support and waste management and remediation services,56,40,85.00
"Essex County, New York","Arts, entertainment, and recreation",71,34,100.00
"Essex County, New York",Real estate and rental and leasing,53,33,73.12
"Essex County, New York",Manufacturing,31-33,29,89.66
"Essex County, New York",Information,51,25,100.00
"Essex County, New York",Finance and insurance,52,22,86.96
"Essex County, New York",Transportation and warehousing,48-49,18,58.93
"Essex County, New York",Educational services,61,17,85.00
"Essex County, New York",Wholesale trade,42,11,100.00
"Essex County, New York","Agriculture, forestry, fishing and hunting",11,10,100.00
"Essex County, New York",Utilities,22,5,100.00
"Essex County, New York","Mining, quarrying, and oil and gas extraction",21,3,100.00
"Essex County, New York",Management of companies and enterprises,55,3,100.00
"Franklin County, New York",Total for all sectors,00,711,74.97
"Franklin County, New York",Retail trade,44-45,132,79.65
"Franklin County, New York",Accommodation and food services,72,91,74.44
"Franklin County, New York",Construction,23,85,60.67
"Franklin County, New York",Health care and social assistance,62,84,82.37
"Franklin County, New York",Other services (except public administration),81,77,85.62
"Franklin County, New York","Professional, scientific, and technical services",54,51,87.04
"Franklin County, New York",Finance and insurance,52,32,100.00
"Franklin County, New York",Real estate and rental and leasing,53,30,80.69
"Franklin County, New York",Wholesale trade,42,23,100.00
"Franklin County, New York",Manufacturing,31-33,22,100.00
"Franklin County, New York",Administrative and support and waste management and remediation services,56,21,64.89
"Franklin County, New York","Arts, entertainment, and recreation",71,20,85.71
"Franklin County, New York",Transportation and warehousing,48-49,17,100.00
"Franklin County, New York",Information,51,17,100.00
"Franklin County, New York","Agriculture, forestry, fishing and hunting",11,8,100.00
"Franklin County, New York",Educational services,61,5,100.00
"Franklin County, New York","Mining, quarrying, and oil and gas extraction",21,0,100.00
"Franklin County, New York",Utilities,22,0,100.00
"Franklin County, New York",Management of companies and enterprises,55,0,100.00
"Fulton County, New York",Total for all sectors,00,948,73.69
"Fulton County, New York",Retail trade,44-45,182,76.88
"Fulton County, New York",Accommodation and food services,72,111,70.87
"Fulton County, New York",Construction,23,110,63.24
"Fulton County, New York",Other services (except public administration),81,110,78.50
"Fulton County, New York",Health care and social assistance,62,85,72.85
"Fulton County, New York",Manufacturing,31-33,66,79.64
"Fulton County, New York","Professional, scientific, and technical services",54,64,78.14
"Fulton County, New York",Wholesale trade,42,45,84.26
"Fulton County, New York",Finance and insurance,52,42,86.22
"Fulton County, New York",Administrative and support and waste management and remediation services,56,35,90.48
"Fulton County, New York",Transportation and warehousing,48-49,28,89.66
"Fulton County, New York",Real estate and rental and leasing,53,27,81.48
"Fulton County, New York","Arts, entertainment, and recreation",71,21,86.36
"Fulton County, New York",Information,51,13,100.00
"Fulton County, New York",Management of companies and enterprises,55,9,100.00
"Fulton County, New York","Agriculture, forestry, fishing and hunting",11,6,100.00
"Fulton County, New York",Educational services,61,5,100.00
"Fulton County, New York","Mining, quarrying, and oil and gas extraction",21,0,100.00
"Fulton County, New York",Utilities,22,0,100.00
"Genesee County, New York",Total for all sectors,00,1095,78.28
"Genesee County, New York",Retail trade,44-45,176,81.57
"Genesee County, New York",Construction,23,139,64.93
"Genesee County, New York",Other services (except public administration),81,136,86.67
"Genesee County, New York",Accommodation and food services,72,120,74.26
"Genesee County, New York",Health care and social assistance,62,109,83.24
"Genesee County, New York",Wholesale trade,42,80,94.81
"Genesee County, New York",Manufacturing,31-33,77,85.26
"Genesee County, New York","Professional, scientific, and technical services",54,67,80.84
"Genesee County, New York",Administrative and support and waste management and remediation services,56,39,85.37
"Genesee County, New York",Finance and insurance,52,38,83.98
"Genesee County, New York",Real estate and rental and leasing,53,30,90.91
"Genesee County, New York",Transportation and warehousing,48-49,29,87.10
"Genesee County, New York","Arts, entertainment, and recreation",71,25,87.50
"Genesee County, New York",Information,51,17,100.00
"Genesee County, New York",Educational services,61,9,100.00
"Genesee County, New York","Mining, quarrying, and oil and gas extraction",21,7,100.00
"Genesee County, New York",Utilities,22,3,100.00
"Genesee County, New York","Agriculture, forestry, fishing and hunting",11,0,100.00
"Genesee County, New York",Management of companies and enterprises,55,0,100.00
"Greene County, New York",Total for all sectors,00,925,70.77
"Greene County, New York",Retail trade,44-45,161,80.45
"Greene County, New York",Accommodation and food services,72,151,63.45
"Greene County, New York",Construction,23,135,63.53
"Greene County, New York",Other services (except public administration),81,96,76.12
"Greene County, New York","Professional, scientific, and technical services",54,72,64.35
"Greene County, New York",Health care and social assistance,62,65,71.96
"Greene County, New York",Administrative and support and waste management and remediation services,56,40,80.58
"Greene County, New York",Real estate and rental and leasing,53,35,80.98
"Greene County, New York",Transportation and warehousing,48-49,33,85.71
"Greene County, New York",Manufacturing,31-33,28,76.26
"Greene County, New York",Finance and insurance,52,26,100.00
"Greene County, New York",Wholesale trade,42,25,100.00
"Greene County, New York","Arts, entertainment, and recreation",71,25,88.89
"Greene County, New York",Information,51,19,100.00
"Greene County, New York","Agriculture, forestry, fishing and hunting",11,5,100.00
"Greene County, New York",Educational services,61,5,100.00
"Greene County, New York","Mining, quarrying, and oil and gas extraction",21,3,100.00
"Greene County, New York",Utilities,22,3,100.00
"Greene County, New York",Management of companies and enterprises,55,3,100.00
"Hamilton County, New York",Total for all sectors,00,147,76.85
"Hamilton County, New York",Accommodation and food services,72,43,76.28
"Hamilton County, New York",Retail trade,44-45,24,100.00
"Hamilton County, New York",Construction,23,23,87.50
"Hamilton County, New York",Other services (except public administration),81,14,100.00
"Hamilton County, New York","Arts, entertainment, and recreation",71,9,100.00
"Hamilton County, New York",Health care and social assistance,62,6,100.00
"Hamilton County, New York","Agriculture, forestry, fishing and hunting",11,4,100.00
"Hamilton County, New York",Real estate and rental and leasing,53,4,100.00
"Hamilton County, New York",Administrative and support and waste management and remediation services,56,4,100.00
"Hamilton County, New York",Manufacturing,31-33,3,100.00
"Hamilton County, New York",Information,51,3,100.00
"Hamilton County, New York",Finance and insurance,52,3,100.00
"Hamilton County, New York","Mining, quarrying, and oil and gas extraction",21,0,100.00
"Hamilton County, New York",Utilities,22,0,100.00
"Hamilton County, New York",Wholesale trade,42,0,100.00
"Hamilton County, New York",Transportation and warehousing,48-49,0,100.00
"Hamilton County, New York","Professional, scientific, and technical services",54,0,100.00
"Hamilton County, New York",Management of companies and enterprises,55,0,100.00
"Hamilton County, New York",Educational services,61,0,100.00
"Herkimer County, New York",Total for all sectors,00,913,73.02
"Herkimer County, New York",Accommodation and food services,72,135,65.39
"Herkimer County, New York",Retail trade,44-45,133,80.57
"Herkimer County, New York",Other services (except public administration),81,124,81.79
"Herkimer County, New York",Construction,23,115,61.08
"Herkimer County, New York",Health care and social assistance,62,79,71.62
"Herkimer County, New York",Manufacturing,31-33,59,95.00
"Herkimer County, New York","Professional, scientific, and technical services",54,47,65.16
"Herkimer County, New York",Administrative and support and waste management and remediation services,56,38,82.15
"Herkimer County, New York",Wholesale trade,42,34,85.29
"Herkimer County, New York",Real estate and rental and leasing,53,33,100.00
"Herkimer County, New York",Finance and insurance,52,30,90.00
"Herkimer County, New York",Transportation and warehousing,48-49,29,73.77
"Herkimer County, New York","Arts, entertainment, and recreation",71,25,88.00
"Herkimer County, New York",Information,51,15,100.00
"Herkimer County, New York",Educational services,61,9,100.00
"Herkimer County, New York","Mining, quarrying, and oil and gas extraction",21,5,100.00
"Herkimer County, New York",Utilities,22,5,100.00
"Herkimer County, New York","Agriculture, forestry, fishing and hunting",11,3,100.00
"Herkimer County, New York",Management of companies and enterprises,55,0,100.00
"Jefferson County, New York",Total for all sectors,00,1778,71.75
"Jefferson County, New York",Retail trade,44-45,340,74.82
"Jefferson County, New York",Accommodation and food services,72,234,62.55
"Jefferson County, New York",Other services (except public administration),81,227,80.74
"Jefferson County, New York",Construction,23,189,61.66
"Jefferson County, New York",Health care and social assistance,62,188,73.54
"Jefferson County, New York","Professional, scientific, and technical services",54,113,69.41
"Jefferson County, New York",Real estate and rental and leasing,53,97,71.88
"Jefferson County, New York",Administrative and support and waste management and remediation services,56,72,74.74
"Jefferson County, New York",Finance and insurance,52,66,86.43
"Jefferson County, New York",Manufacturing,31-33,62,74.92
"Jefferson County, New York",Wholesale trade,42,60,78.75
"Jefferson County, New York",Transportation and warehousing,48-49,54,80.36
"Jefferson County, New York","Arts, entertainment, and recreation",71,36,74.24
"Jefferson County, New York",Information,51,32,100.00
"Jefferson County, New York",Educational services,61,16,81.25
"Jefferson County, New York",Management of companies and enterprises,55,11,100.00
"Jefferson County, New York","Agriculture, forestry, fishing and hunting",11,6,100.00
"Jefferson County, New York","Mining, quarrying, and oil and gas extraction",21,6,100.00
"Jefferson County, New York",Utilities,22,5,100.00
"Kings County, New York",Total for all sectors,00,47906,61.02
"Kings County, New York",Retail trade,44-45,8983,61.15
"Kings County, New York",Other services (except public administration),81,5485,66.33
"Kings County, New York",Health care and social assistance,62,5231,69.62
"Kings County, New York",Accommodation and food services,72,5185,55.12
"Kings County, New York","Professional, scientific, and technical services",54,4348,54.89
"Kings County, New York",Real estate and rental and leasing,53,4235,69.21
"Kings County, New York",Construction,23,3679,57.20
"Kings County, New York",Wholesale trade,42,3106,61.02
"Kings County, New York",Manufacturing,31-33,1543,61.51
"Kings County, New York",Transportation and warehousing,48-49,1421,50.62
"Kings County, New York",Administrative and support and waste management and remediation services,56,1408,60.22
"Kings County, New York",Educational services,61,928,67.64
"Kings County, New York",Finance and insurance,52,862,68.56
"Kings County, New York",Information,51,785,50.03
"Kings County, New York","Arts, entertainment, and recreation",71,774,54.47
"Kings County, New York",Management of companies and enterprises,55,81,83.58
"Kings County, New York",Utilities,22,18,50.00
"Kings County, New York","Agriculture, forestry, fishing and hunting",11,4,0.00
"Kings County, New York","Mining, quarrying, and oil and gas extraction",21,0,100.00
"Lewis County, New York",Total for all sectors,00,433,75.94
"Lewis County, New York",Retail trade,44-45,69,72.13
"Lewis County, New York",Other services (except public administration),81,68,89.84
"Lewis County, New York",Accommodation and food services,72,59,81.45
"Lewis County, New York",Construction,23,48,67.90
"Lewis County, New York",Health care and social assistance,62,30,89.66
"Lewis County, New York",Manufacturing,31-33,23,100.00
"Lewis County, New York",Transportation and warehousing,48-49,21,70.00
"Lewis County, New York","Professional, scientific, and technical services",54,20,87.50
"Lewis County, New York","Agriculture, forestry, fishing and hunting",11,17,82.35
"Lewis County, New York",Finance and insurance,52,13,100.00
"Lewis County, New York",Information,51,12,100.00
"Lewis County, New York",Real estate and rental and leasing,53,12,100.00
"Lewis County, New York",Administrative and support and waste management and remediation services,56,11,100.00
"Lewis County, New York","Arts, entertainment, and recreation",71,11,100.00
"Lewis County, New York",Utilities,22,10,100.00
"Lewis County, New York",Wholesale trade,42,5,100.00
"Lewis County, New York",Educational services,61,3,100.00
"Lewis County, New York","Mining, quarrying, and oil and gas extraction",21,0,100.00
"Lewis County, New York",Management of companies and enterprises,55,0,100.00
"Livingston County, New York",Total for all sectors,00,1001,73.99
"Livingston County, New York",Retail trade,44-45,162,78.06
"Livingston County, New York",Other services (except public administration),81,144,78.84
"Livingston County, New York",Construction,23,123,66.07
"Livingston County, New York",Accommodation and food services,72,122,66.40
"Livingston County, New York",Health care and social assistance,62,100,72.97
"Livingston County, New York","Professional, scientific, and technical services",54,77,69.97
"Livingston County, New York",Manufacturing,31-33,53,94.74
"Livingston County, New York",Administrative and support and waste management and remediation services,56,48,72.71
"Livingston County, New York",Wholesale trade,42,39,100.00
"Livingston County, New York",Real estate and rental and leasing,53,31,81.50
"Livingston County, New York",Finance and insurance,52,27,100.00
"Livingston County, New York",Transportation and warehousing,48-49,26,77.04
"Livingston County, New York","Arts, entertainment, and recreation",71,24,88.00
"Livingston County, New York",Information,51,17,100.00
"Livingston County, New York",Educational services,61,8,100.00
"Livingston County, New York","Agriculture, forestry, fishing and hunting",11,5,100.00
"Livingston County, New York",Management of companies and enterprises,55,5,100.00
"Livingston County, New York",Utilities,22,3,100.00
"Livingston County, New York","Mining, quarrying, and oil and gas extraction",21,0,100.00
"Madison County, New York",Total for all sectors,00,1084,71.96
"Madison County, New York",Retail trade,44-45,163,74.23
"Madison County, New York",Accommodation and food services,72,129,68.75
"Madison County, New York",Construction,23,128,58.40
"Madison County, New York",Other services (except public administration),81,124,81.27
"Madison County, New York",Health care and social assistance,62,119,76.95
"Madison County, New York","Professional, scientific, and technical services",54,106,68.36
"Madison County, New York",Administrative and support and waste management and remediation services,56,62,72.79
"Madison County, New York",Manufacturing,31-33,52,79.17
"Madison County, New York",Wholesale trade,42,39,77.05
"Madison County, New York",Real estate and rental and leasing,53,37,71.20
"Madison County, New York",Finance and insurance,52,34,100.00
"Madison County, New York",Transportation and warehousing,48-49,33,61.23
"Madison County, New York","Arts, entertainment, and recreation",71,28,100.00
"Madison County, New York",Information,51,17,100.00
"Madison County, New York",Educational services,61,15,100.00
"Madison County, New York",Management of companies and enterprises,55,6,100.00
"Madison County, New York","Agriculture, forestry, fishing and hunting",11,4,100.00
"Madison County, New York",Utilities,22,3,100.00
"Madison County, New York","Mining, quarrying, and oil and gas extraction",21,0,100.00
"Monroe County, New York",Total for all sectors,00,12903,69.95
"Monroe County, New York","Professional, scientific, and technical services",54,1649,68.31
"Monroe County, New York",Other services (except public administration),81,1512,74.83
"Monroe County, New York",Retail trade,44-45,1511,69.84
"Monroe County, New York",Construction,23,1333,66.51
"Monroe County, New York",Health care and social assistance,62,1291,72.33
"Monroe County, New York",Accommodation and food services,72,1272,62.16
"Monroe County, New York",Manufacturing,31-33,773,80.26
"Monroe County, New York",Wholesale trade,42,762,78.51
"Monroe County, New York",Administrative and support and waste management and remediation services,56,727,65.75
"Monroe County, New York",Finance and insurance,52,625,74.15
"Monroe County, New York",Real estate and rental and leasing,53,594,67.65
"Monroe County, New York",Transportation and warehousing,48-49,276,66.37
"Monroe County, New York",Educational services,61,258,74.39
"Monroe County, New York","Arts, entertainment, and recreation",71,249,67.43
"Monroe County, New York",Information,51,195,74.39
"Monroe County, New York",Management of companies and enterprises,55,100,92.76
"Monroe County, New York","Agriculture, forestry, fishing and hunting",11,8,76.92
"Monroe County, New York",Utilities,22,6,100.00
"Monroe County, New York","Mining, quarrying, and oil and gas extraction",21,3,100.00
"Montgomery County, New York",Total for all sectors,00,731,73.07
"Montgomery County, New York",Retail trade,44-45,122,75.22
"Montgomery County, New York",Health care and social assistance,62,101,80.19
"Montgomery County, New York",Other services (except public administration),81,99,72.76
"Montgomery County, New York",Construction,23,84,60.95
"Montgomery County, New York",Accommodation and food services,72,67,82.49
"Montgomery County, New York","Professional, scientific, and technical services",54,45,63.63
"Montgomery County, New York",Manufacturing,31-33,44,81.30
"Montgomery County, New York",Wholesale trade,42,37,89.19
"Montgomery County, New York",Transportation and warehousing,48-49,33,75.50
"Montgomery County, New York",Administrative and support and waste management and remediation services,56,32,71.93
"Montgomery County, New York",Finance and insurance,52,25,100.00
"Montgomery County, New York",Real estate and rental and leasing,53,17,83.33
"Montgomery County, New York",Information,51,13,100.00
"Montgomery County, New York","Arts, entertainment, and recreation",71,12,100.00
"Montgomery County, New York",Educational services,61,6,100.00
"Montgomery County, New York",Management of companies and enterprises,55,4,100.00
"Montgomery County, New York","Agriculture, forestry, fishing and hunting",11,0,100.00
"Montgomery County, New York","Mining, quarrying, and oil and gas extraction",21,0,100.00
"Montgomery County, New York",Utilities,22,0,100.00
"Nassau County, New York",Total for all sectors,00,38305,65.57
"Nassau County, New York","Professional, scientific, and technical services",54,5862,64.80
"Nassau County, New York",Health care and social assistance,62,4772,69.50
"Nassau County, New York",Other services (except public administration),81,4454,69.13
"Nassau County, New York",Retail trade,44-45,4423,65.45
"Nassau County, New York",Construction,23,3706,65.06
"Nassau County, New York",Accommodation and food services,72,3023,60.01
"Nassau County, New York",Wholesale trade,42,2731,66.01
"Nassau County, New York",Administrative and support and waste management and remediation services,56,2099,63.52
"Nassau County, New York",Real estate and rental and leasing,53,2005,65.93
"Nassau County, New York",Finance and insurance,52,1673,66.78
"Nassau County, New York",Transportation and warehousing,48-49,1053,62.03
"Nassau County, New York",Manufacturing,31-33,865,69.29
"Nassau County, New York","Arts, entertainment, and recreation",71,654,63.75
"Nassau County, New York",Educational services,61,615,69.90
"Nassau County, New York",Information,51,408,52.86
"Nassau County, New York",Management of companies and enterprises,55,164,83.33
"Nassau County, New York","Agriculture, forestry, fishing and hunting",11,22,85.00
"Nassau County, New York",Utilities,22,17,100.00
"Nassau County, New York","Mining, quarrying, and oil and gas extraction",21,3,100.00
"New York County, New York",Total for all sectors,00,76615,61.67
"New York County, New York","Professional, scientific, and technical services",54,13609,58.51
"New York County, New York",Other services (except public administration),81,9386,69.98
"New York County, New York",Retail trade,44-45,8210,58.18
"New York County, New York",Accommodation and food services,72,7819,53.82
"New York County, New York",Real estate and rental and leasing,53,7627,72.83
"New York County, New York",Health care and social assistance,62,6460,69.74
"New York County, New York",Wholesale trade,42,6069,61.99
"New York County, New York",Finance and insurance,52,3913,60.97
"New York County, New York",Administrative and support and waste management and remediation services,56,3226,61.65
"New York County, New York","Arts, entertainment, and recreation",71,2884,55.19
"New York County, New York",Information,51,2725,52.52
"New York County, New York",Construction,23,1698,60.84
"New York County, New York",Manufacturing,31-33,1444,55.35
"New York County, New York",Educational services,61,1394,68.40
"New York County, New York",Management of companies and enterprises,55,659,81.94
"New York County, New York",Transportation and warehousing,48-49,612,58.27
"New York County, New York",Utilities,22,30,70.77
"New York County, New York","Mining, quarrying, and oil and gas extraction",21,9,28.57
"New York County, New York","Agriculture, forestry, fishing and hunting",11,6,100.00
"Niagara County, New York",Total for all sectors,00,3513,72.73
"Niagara County, New York",Retail trade,44-45,519,78.73
"Niagara County, New York",Other services (except public administration),81,446,76.82
"Niagara County, New York",Construction,23,401,67.95
"Niagara County, New York",Accommodation and food services,72,398,63.69
"Niagara County, New York",Health care and social assistance,62,354,75.44
"Niagara County, New York","Professional, scientific, and technical services",54,269,76.83
"Niagara County, New York",Manufacturing,31-33,259,82.46
"Niagara County, New York",Administrative and support and waste management and remediation services,56,192,57.73
"Niagara County, New York",Wholesale trade,42,169,78.84
"Niagara County, New York",Transportation and warehousing,48-49,138,68.05
"Niagara County, New York",Real estate and rental and leasing,53,128,73.67
"Niagara County, New York",Finance and insurance,52,119,74.47
"Niagara County, New York","Arts, entertainment, and recreation",71,71,77.48
"Niagara County, New York",Educational services,61,39,82.38
"Niagara County, New York",Information,51,32,100.00
"Niagara County, New York",Management of companies and enterprises,55,21,100.00
"Niagara County, New York",Utilities,22,5,100.00
"Niagara County, New York","Agriculture, forestry, fishing and hunting",11,0,100.00
"Niagara County, New York","Mining, quarrying, and oil and gas extraction",21,0,100.00
"Oneida County, New York",Total for all sectors,00,3710,73.92
"Oneida County, New York",Retail trade,44-45,558,77.37
"Oneida County, New York",Other services (except public administration),81,504,78.13
"Oneida County, New York",Accommodation and food services,72,447,67.51
"Oneida County, New York",Health care and social assistance,62,423,75.31
"Oneida County, New York",Construction,23,355,62.91
"Oneida County, New York","Professional, scientific, and technical services",54,354,78.26
"Oneida County, New York",Manufacturing,31-33,206,84.20
"Oneida County, New York",Wholesale trade,42,166,88.00
"Oneida County, New York",Finance and insurance,52,163,81.30
"Oneida County, New York",Administrative and support and waste management and remediation services,56,163,67.84
"Oneida County, New York",Real estate and rental and leasing,53,118,68.67
"Oneida County, New York",Transportation and warehousing,48-49,90,63.74
"Oneida County, New York","Arts, entertainment, and recreation",71,77,59.18
"Oneida County, New York",Information,51,62,87.61
"Oneida County, New York",Educational services,61,41,92.68
"Oneida County, New York",Management of companies and enterprises,55,26,100.00
"Oneida County, New York","Agriculture, forestry, fishing and hunting",11,9,100.00
"Oneida County, New York",Utilities,22,5,100.00
"Oneida County, New York","Mining, quarrying, and oil and gas extraction",21,4,100.00
"Onondaga County, New York",Total for all sectors,00,8678,71.51
"Onondaga County, New York",Other services (except public administration),81,1061,74.99
"Onondaga County, New York",Retail trade,44-45,1034,73.32
"Onondaga County, New York","Professional, scientific, and technical services",54,1017,71.25
"Onondaga County, New York",Construction,23,925,65.95
"Onondaga County, New York",Health care and social assistance,62,880,74.39
"Onondaga County, New York",Accommodation and food services,72,877,64.29
"Onondaga County, New York",Wholesale trade,42,610,83.75
"Onondaga County, New York",Administrative and support and waste management and remediation services,56,498,65.35
"Onondaga County, New York",Finance and insurance,52,444,79.60
"Onondaga County, New York",Real estate and rental and leasing,53,440,65.79
"Onondaga County, New York",Manufacturing,31-33,376,78.80
"Onondaga County, New York",Transportation and warehousing,48-49,205,71.28
"Onondaga County, New York","Arts, entertainment, and recreation",71,173,69.23
"Onondaga County, New York",Educational services,61,134,71.58
"Onondaga County, New York",Information,51,116,81.18
"Onondaga County, New York",Management of companies and enterprises,55,74,100.00
"Onondaga County, New York",Utilities,22,11,100.00
"Onondaga County, New York","Agriculture, forestry, fishing and hunting",11,8,100.00
"Onondaga County, New York","Mining, quarrying, and oil and gas extraction",21,5,100.00
"Ontario County, New York",Total for all sectors,00,2361,72.59
"Ontario County, New York",Retail trade,44-45,391,77.29
"Ontario County, New York",Construction,23,290,62.52
"Ontario County, New York",Accommodation and food services,72,276,63.12
"Ontario County, New York",Other services (except public administration),81,253,77.36
"Ontario County, New York","Professional, scientific, and technical services",54,207,69.81
"Ontario County, New York",Health care and social assistance,62,201,79.78
"Ontario County, New York",Manufacturing,31-33,149,82.14
"Ontario County, New York",Wholesale trade,42,143,80.19
"Ontario County, New York",Administrative and support and waste management and remediation services,56,121,62.09
"Ontario County, New York",Real estate and rental and leasing,53,84,75.38
"Ontario County, New York",Finance and insurance,52,75,81.75
"Ontario County, New York","Arts, entertainment, and recreation",71,66,86.45
"Ontario County, New York",Transportation and warehousing,48-49,49,70.79
"Ontario County, New York",Information,51,40,100.00
"Ontario County, New York",Educational services,61,24,73.33
"Ontario County, New York",Management of companies and enterprises,55,14,100.00
"Ontario County, New York","Agriculture, forestry, fishing and hunting",11,6,100.00
"Ontario County, New York","Mining, quarrying, and oil and gas extraction",21,4,100.00
"Ontario County, New York",Utilities,22,0,100.00
"Orange County, New York",Total for all sectors,00,7625,69.98
"Orange County, New York",Retail trade,44-45,1212,73.00
"Orange County, New York",Construction,23,957,65.92
"Orange County, New York",Other services (except public administration),81,888,73.10
"Orange County, New York",Accommodation and food services,72,769,65.30
"Orange County, New York","Professional, scientific, and technical services",54,768,70.42
"Orange County, New York",Health care and social assistance,62,726,71.67
"Orange County, New York",Wholesale trade,42,461,73.73
"Orange County, New York",Administrative and support and waste management and remediation services,56,436,69.83
"Orange County, New York",Real estate and rental and leasing,53,291,66.28
"Orange County, New York",Manufacturing,31-33,278,76.39
"Orange County, New York",Transportation and warehousing,48-49,257,65.42
"Orange County, New York",Finance and insurance,52,257,77.63
"Orange County, New York","Arts, entertainment, and recreation",71,130,58.51
"Orange County, New York",Educational services,61,108,73.34
"Orange County, New York",Information,51,91,68.57
"Orange County, New York",Management of companies and enterprises,55,26,100.00
"Orange County, New York","Agriculture, forestry, fishing and hunting",11,23,86.36
"Orange County, New York",Utilities,22,14,100.00
"Orange County, New York","Mining, quarrying, and oil and gas extraction",21,5,100.00
"Orleans County, New York",Total for all sectors,00,555,74.59
"Orleans County, New York",Other services (except public administration),81,90,80.82
"Orleans County, New York",Construction,23,71,67.92
"Orleans County, New York",Retail trade,44-45,66,81.28
"Orleans County, New York",Health care and social assistance,62,54,88.98
"Orleans County, New York",Accommodation and food services,72,50,69.19
"Orleans County, New York","Professional, scientific, and technical services",54,42,90.48
"Orleans County, New York",Manufacturing,31-33,38,92.31
"Orleans County, New York",Transportation and warehousing,48-49,32,87.50
"Orleans County, New York",Finance and insurance,52,25,100.00
"Orleans County, New York",Administrative and support and waste management and remediation services,56,19,43.21
"Orleans County, New York",Wholesale trade,42,18,100.00
"Orleans County, New York",Real estate and rental and leasing,53,18,66.67
"Orleans County, New York","Arts, entertainment, and recreation",71,13,100.00
"Orleans County, New York",Information,51,8,100.00
"Orleans County, New York","Mining, quarrying, and oil and gas extraction",21,4,100.00
"Orleans County, New York",Educational services,61,4,100.00
"Orleans County, New York",Utilities,22,3,100.00
"Orleans County, New York","Agriculture, forestry, fishing and hunting",11,0,100.00
"Orleans County, New York",Management of companies and enterprises,55,0,100.00
"Oswego County, New York",Total for all sectors,00,1640,69.71
"Oswego County, New York",Retail trade,44-45,259,73.85
"Oswego County, New York",Other services (except public administration),81,237,78.33
"Oswego County, New York",Construction,23,235,56.01
"Oswego County, New York",Accommodation and food services,72,211,63.28
"Oswego County, New York",Health care and social assistance,62,159,73.64
"Oswego County, New York","Professional, scientific, and technical services",54,108,69.05
"Oswego County, New York",Administrative and support and waste management and remediation services,56,81,63.30
"Oswego County, New York",Manufacturing,31-33,73,80.19
"Oswego County, New York",Real estate and rental and leasing,53,68,75.07
"Oswego County, New York",Finance and insurance,52,56,89.57
"Oswego County, New York",Wholesale trade,42,50,88.24
"Oswego County, New York",Transportation and warehousing,48-49,38,68.25
"Oswego County, New York","Arts, entertainment, and recreation",71,30,73.16
"Oswego County, New York",Information,51,16,100.00
"Oswego County, New York",Educational services,61,13,100.00
"Oswego County, New York",Utilities,22,10,100.00
"Oswego County, New York","Agriculture, forestry, fishing and hunting",11,3,100.00
"Oswego County, New York",Management of companies and enterprises,55,3,100.00
"Oswego County, New York","Mining, quarrying, and oil and gas extraction",21,0,100.00
"Otsego County, New York",Total for all sectors,00,1071,71.25
"Otsego County, New York",Retail trade,44-45,217,79.26
"Otsego County, New York",Accommodation and food services,72,154,62.33
"Otsego County, New York",Other services (except public administration),81,142,77.88
"Otsego County, New York","Professional, scientific, and technical services",54,89,62.69
"Otsego County, New York",Construction,23,85,52.67
"Otsego County, New York",Health care and social assistance,62,79,82.06
"Otsego County, New York",Manufacturing,31-33,60,79.76
"Otsego County, New York",Administrative and support and waste management and remediation services,56,44,84.42
"Otsego County, New York",Finance and insurance,52,41,83.48
"Otsego County, New York",Wholesale trade,42,37,78.96
"Otsego County, New York",Real estate and rental and leasing,53,35,88.89
"Otsego County, New York","Arts, entertainment, and recreation",71,29,72.30
"Otsego County, New York",Information,51,22,100.00
"Otsego County, New York",Transportation and warehousing,48-49,21,100.00
"Otsego County, New York",Educational services,61,13,100.00
"Otsego County, New York","Agriculture, forestry, fishing and hunting",11,9,100.00
"Otsego County, New York",Utilities,22,4,100.00
"Otsego County, New York","Mining, quarrying, and oil and gas extraction",21,0,100.00
"Otsego County, New York",Management of companies and enterprises,55,0,100.00
"Putnam County, New York",Total for all sectors,00,2325,69.76
"Putnam County, New York",Construction,23,469,69.42
"Putnam County, New York",Retail trade,44-45,260,74.08
"Putnam County, New York",Other services (except public administration),81,253,76.23
"Putnam County, New York","Professional, scientific, and technical services",54,240,58.89
"Putnam County, New York",Health care and social assistance,62,196,70.89
"Putnam County, New York",Accommodation and food services,72,196,66.05
"Putnam County, New York",Administrative and support and waste management and remediation services,56,165,70.60
"Putnam County, New York",Wholesale trade,42,110,72.05
"Putnam County, New York",Finance and insurance,52,86,86.00
"Putnam County, New York","Arts, entertainment, and recreation",71,71,74.17
"Putnam County, New York",Real estate and rental and leasing,53,69,67.58
"Putnam County, New York",Manufacturing,31-33,65,81.51
"Putnam County, New York",Transportation and warehousing,48-49,64,66.75
"Putnam County, New York",Information,51,35,77.98
"Putnam County, New York",Educational services,61,34,69.49
"Putnam County, New York",Management of companies and enterprises,55,10,100.00
"Putnam County, New York","Agriculture, forestry, fishing and hunting",11,9,100.00
"Putnam County, New York","Mining, quarrying, and oil and gas extraction",21,0,100.00
"Putnam County, New York",Utilities,22,0,100.00
"Queens County, New York",Total for all sectors,00,40358,60.82
"Queens County, New York",Retail trade,44-45,6371,60.14
"Queens County, New York",Other services (except public administration),81,5331,65.79
"Queens County, New York",Construction,23,4907,56.54
"Queens County, New York",Health care and social assistance,62,4447,72.21
"Queens County, New York",Accommodation and food services,72,4447,54.84
"Queens County, New York","Professional, scientific, and technical services",54,3074,57.63
"Queens County, New York",Wholesale trade,42,2631,57.30
"Queens County, New York",Real estate and rental and leasing,53,2603,69.09
"Queens County, New York",Transportation and warehousing,48-49,1893,55.13
"Queens County, New York",Administrative and support and waste management and remediation services,56,1487,54.01
"Queens County, New York",Manufacturing,31-33,1059,64.53
"Queens County, New York",Finance and insurance,52,774,70.86
"Queens County, New York",Educational services,61,687,65.68
"Queens County, New York","Arts, entertainment, and recreation",71,409,50.62
"Queens County, New York",Information,51,337,49.21
"Queens County, New York",Management of companies and enterprises,55,70,95.95
"Queens County, New York",Utilities,22,14,100.00
"Queens County, New York","Mining, quarrying, and oil and gas extraction",21,6,100.00
"Queens County, New York","Agriculture, forestry, fishing and hunting",11,0,100.00
"Rensselaer County, New York",Total for all sectors,00,2315,71.07
"Rensselaer County, New York",Construction,23,352,63.37
"Rensselaer County, New York",Retail trade,44-45,312,76.08
"Rensselaer County, New York",Other services (except public administration),81,304,79.08
"Rensselaer County, New York",Accommodation and food services,72,270,64.47
"Rensselaer County, New York","Professional, scientific, and technical services",54,235,66.35
"Rensselaer County, New York",Health care and social assistance,62,232,77.11
"Rensselaer County, New York",Administrative and support and waste management and remediation services,56,120,73.68
"Rensselaer County, New York",Wholesale trade,42,98,75.18
"Rensselaer County, New York",Manufacturing,31-33,89,84.67
"Rensselaer County, New York",Finance and insurance,52,75,88.65
"Rensselaer County, New York",Real estate and rental and leasing,53,75,60.37
"Rensselaer County, New York",Transportation and warehousing,48-49,49,46.40
"Rensselaer County, New York",Information,51,35,84.82
"Rensselaer County, New York","Arts, entertainment, and recreation",71,33,82.89
"Rensselaer County, New York",Educational services,61,32,100.00
"Rensselaer County, New York",Management of companies and enterprises,55,13,100.00
"Rensselaer County, New York",Utilities,22,6,100.00
"Rensselaer County, New York","Agriculture, forestry, fishing and hunting",11,3,100.00
"Rensselaer County, New York","Mining, quarrying, and oil and gas extraction",21,3,100.00
"Richmond County, New York",Total for all sectors,00,8949,64.83
"Richmond County, New York",Retail trade,44-45,1212,65.78
"Richmond County, New York",Health care and social assistance,62,1165,70.02
"Richmond County, New York",Construction,23,1134,61.76
"Richmond County, New York",Other services (except public administration),81,1099,68.97
"Richmond County, New York","Professional, scientific, and technical services",54,912,59.45
"Richmond County, New York",Accommodation and food services,72,791,60.10
"Richmond County, New York",Real estate and rental and leasing,53,574,69.24
"Richmond County, New York",Wholesale trade,42,529,64.17
"Richmond County, New York",Administrative and support and waste management and remediation services,56,424,65.39
"Richmond County, New York",Transportation and warehousing,48-49,273,55.56
"Richmond County, New York",Finance and insurance,52,265,70.61
"Richmond County, New York",Manufacturing,31-33,173,72.16
"Richmond County, New York","Arts, entertainment, and recreation",71,171,55.96
"Richmond County, New York",Educational services,61,144,72.15
"Richmond County, New York",Information,51,91,71.15
"Richmond County, New York",Management of companies and enterprises,55,34,90.32
"Richmond County, New York",Utilities,22,8,100.00
"Richmond County, New York","Agriculture, forestry, fishing and hunting",11,0,100.00
"Richmond County, New York","Mining, quarrying, and oil and gas extraction",21,0,100.00
"Rockland County, New York",Total for all sectors,00,8089,66.86
"Rockland County, New York","Professional, scientific, and technical services",54,1105,64.46
"Rockland County, New York",Retail trade,44-45,1089,69.02
"Rockland County, New York",Health care and social assistance,62,927,71.71
"Rockland County, New York",Other services (except public administration),81,918,68.20
"Rockland County, New York",Construction,23,885,65.52
"Rockland County, New York",Accommodation and food services,72,691,63.76
"Rockland County, New York",Administrative and support and waste management and remediation services,56,478,64.72
"Rockland County, New York",Wholesale trade,42,475,64.80
"Rockland County, New York",Real estate and rental and leasing,53,460,68.04
"Rockland County, New York",Finance and insurance,52,283,71.93
"Rockland County, New York",Manufacturing,31-33,209,70.01
"Rockland County, New York",Educational services,61,164,68.82
"Rockland County, New York",Transportation and warehousing,48-49,148,58.88
"Rockland County, New York","Arts, entertainment, and recreation",71,140,65.23
"Rockland County, New York",Information,51,120,64.48
"Rockland County, New York",Management of companies and enterprises,55,36,100.00
"Rockland County, New York",Utilities,22,11,100.00
"Rockland County, New York","Agriculture, forestry, fishing and hunting",11,3,100.00
"Rockland County, New York","Mining, quarrying, and oil and gas extraction",21,0,100.00
"Saratoga County, New York",Total for all sectors,00,4213,70.66
"Saratoga County, New York",Construction,23,566,63.57
"Saratoga County, New York","Professional, scientific, and technical services",54,563,69.38
"Saratoga County, New York",Retail trade,44-45,514,75.15
"Saratoga County, New York",Accommodation and food services,72,467,67.17
"Saratoga County, New York",Health care and social assistance,62,437,74.59
"Saratoga County, New York",Other services (except public administration),81,386,73.44
"Saratoga County, New York",Administrative and support and waste management and remediation services,56,235,68.44
"Saratoga County, New York",Wholesale trade,42,207,80.70
"Saratoga County, New York",Finance and insurance,52,203,81.03
"Saratoga County, New York",Real estate and rental and leasing,53,197,65.06
"Saratoga County, New York",Manufacturing,31-33,118,78.01
"Saratoga County, New York","Arts, entertainment, and recreation",71,109,71.03
"Saratoga County, New York",Transportation and warehousing,48-49,75,64.84
"Saratoga County, New York",Educational services,61,72,70.81
"Saratoga County, New York",Information,51,61,70.18
"Saratoga County, New York",Management of companies and enterprises,55,29,100.00
"Saratoga County, New York","Agriculture, forestry, fishing and hunting",11,20,69.09
"Saratoga County, New York",Utilities,22,9,100.00
"Saratoga County, New York","Mining, quarrying, and oil and gas extraction",21,0,100.00
"Schenectady County, New York",Total for all sectors,00,2317,69.13
"Schenectady County, New York",Retail trade,44-45,328,73.56
"Schenectady County, New York",Construction,23,288,56.45
"Schenectady County, New York",Accommodation and food services,72,273,66.91
"Schenectady County, New York",Health care and social assistance,62,272,68.08
"Schenectady County, New York",Other services (except public administration),81,271,78.85
"Schenectady County, New York","Professional, scientific, and technical services",54,221,66.52
"Schenectady County, New York",Administrative and support and waste management and remediation services,56,150,63.62
"Schenectady County, New York",Real estate and rental and leasing,53,101,63.87
"Schenectady County, New York",Manufacturing,31-33,97,85.84
"Schenectady County, New York",Finance and insurance,52,90,80.53
"Schenectady County, New York",Wholesale trade,42,78,84.10
"Schenectady County, New York",Transportation and warehousing,48-49,64,68.06
"Schenectady County, New York","Arts, entertainment, and recreation",71,43,81.38
"Schenectady County, New York",Information,51,30,91.18
"Schenectady County, New York",Educational services,61,28,91.67
"Schenectady County, New York",Management of companies and enterprises,55,18,100.00
"Schenectady County, New York","Mining, quarrying, and oil and gas extraction",21,4,100.00
"Schenectady County, New York","Agriculture, forestry, fishing and hunting",11,0,100.00
"Schenectady County, New York",Utilities,22,0,100.00
"Schoharie County, New York",Total for all sectors,00,461,71.46
"Schoharie County, New York",Retail trade,44-45,80,74.54
"Schoharie County, New York",Construction,23,59,56.55
"Schoharie County, New York",Accommodation and food services,72,51,72.94
"Schoharie County, New York",Other services (except public administration),81,50,86.59
"Schoharie County, New York","Professional, scientific, and technical services",54,38,84.21
"Schoharie County, New York",Health care and social assistance,62,36,100.00
"Schoharie County, New York",Manufacturing,31-33,27,100.00
"Schoharie County, New York",Finance and insurance,52,23,100.00
"Schoharie County, New York",Transportation and warehousing,48-49,19,80.95
"Schoharie County, New York",Administrative and support and waste management and remediation services,56,18,59.48
"Schoharie County, New York",Wholesale trade,42,17,100.00
"Schoharie County, New York",Information,51,12,100.00
"Schoharie County, New York",Real estate and rental and leasing,53,11,100.00
"Schoharie County, New York","Arts, entertainment, and recreation",71,10,100.00
"Schoharie County, New York","Agriculture, forestry, fishing and hunting",11,4,100.00
"Schoharie County, New York",Educational services,61,4,100.00
"Schoharie County, New York","Mining, quarrying, and oil and gas extraction",21,3,100.00
"Schoharie County, New York",Utilities,22,3,100.00
"Schoharie County, New York",Management of companies and enterprises,55,0,100.00
"Schuyler County, New York",Total for all sectors,00,323,71.56
"Schuyler County, New York",Accommodation and food services,72,62,72.53
"Schuyler County, New York",Other services (except public administration),81,44,88.89
"Schuyler County, New York",Retail trade,44-45,41,100.00
"Schuyler County, New York",Manufacturing,31-33,39,79.71
"Schuyler County, New York",Construction,23,26,47.66
"Schuyler County, New York",Health care and social assistance,62,19,100.00
"Schuyler County, New York",Transportation and warehousing,48-49,17,84.21
"Schuyler County, New York",Administrative and support and waste management and remediation services,56,17,100.00
"Schuyler County, New York","Professional, scientific, and technical services",54,16,100.00
"Schuyler County, New York","Arts, entertainment, and recreation",71,11,100.00
"Schuyler County, New York",Finance and insurance,52,10,100.00
"Schuyler County, New York",Information,51,8,100.00
"Schuyler County, New York",Real estate and rental and leasing,53,8,100.00
"Schuyler County, New York","Agriculture, forestry, fishing and hunting",11,4,100.00
"Schuyler County, New York",Wholesale trade,42,3,100.00
"Schuyler County, New York","Mining, quarrying, and oil and gas extraction",21,0,100.00
"Schuyler County, New York",Utilities,22,0,100.00
"Schuyler County, New York",Management of companies and enterprises,55,0,100.00
"Schuyler County, New York",Educational services,61,0,100.00
"Seneca County, New York",Total for all sectors,00,594,77.20
"Seneca County, New York",Retail trade,44-45,141,88.18
"Seneca County, New York",Other services (except public administration),81,79,86.31
"Seneca County, New York",Accommodation and food services,72,64,65.62
"Seneca County, New York",Construction,23,47,64.29
"Seneca County, New York",Manufacturing,31-33,46,100.00
"Seneca County, New York",Health care and social assistance,62,46,79.67
"Seneca County, New York",Wholesale trade,42,34,100.00
"Seneca County, New York",Administrative and support and waste management and remediation services,56,30,100.00
"Seneca County, New York","Professional, scientific, and technical services",54,28,84.85
"Seneca County, New York",Finance and insurance,52,22,100.00
"Seneca County, New York",Real estate and rental and leasing,53,15,78.57
"Seneca County, New York",Transportation and warehousing,48-49,12,100.00
"Seneca County, New York","Arts, entertainment, and recreation",71,10,100.00
"Seneca County, New York",Educational services,61,9,100.00
"Seneca County, New York",Information,51,8,100.00
"Seneca County, New York",Management of companies and enterprises,55,5,100.00
"Seneca County, New York","Agriculture, forestry, fishing and hunting",11,0,100.00
"Seneca County, New York","Mining, quarrying, and oil and gas extraction",21,0,100.00
"Seneca County, New York",Utilities,22,0,100.00
"St. Lawrence County, New York",Total for all sectors,00,1373,72.89
"St. Lawrence County, New York",Retail trade,44-45,258,73.00
"St. Lawrence County, New York",Other services (except public administration),81,206,79.87
"St. Lawrence County, New York",Accommodation and food services,72,182,65.99
"St. Lawrence County, New York",Construction,23,155,61.75
"St. Lawrence County, New York",Health care and social assistance,62,137,74.49
"St. Lawrence County, New York","Professional, scientific, and technical services",54,88,69.24
"St. Lawrence County, New York",Finance and insurance,52,59,100.00
"St. Lawrence County, New York",Manufacturing,31-33,58,77.69
"St. Lawrence County, New York",Administrative and support and waste management and remediation services,56,48,84.74
"St. Lawrence County, New York",Wholesale trade,42,44,93.33
"St. Lawrence County, New York",Transportation and warehousing,48-49,41,68.14
"St. Lawrence County, New York",Real estate and rental and leasing,53,40,86.68
"St. Lawrence County, New York",Information,51,32,100.00
"St. Lawrence County, New York","Arts, entertainment, and recreation",71,15,78.95
"St. Lawrence County, New York",Educational services,61,13,100.00
"St. Lawrence County, New York","Agriculture, forestry, fishing and hunting",11,9,100.00
"St. Lawrence County, New York",Management of companies and enterprises,55,9,100.00
"St. Lawrence County, New York","Mining, quarrying, and oil and gas extraction",21,5,100.00
"St. Lawrence County, New York",Utilities,22,5,100.00
"Steuben County, New York",Total for all sectors,00,1364,75.68
"Steuben County, New York",Retail trade,44-45,228,78.25
"Steuben County, New York",Other services (except public administration),81,205,82.87
"Steuben County, New York",Accommodation and food services,72,183,63.71
"Steuben County, New York",Health care and social assistance,62,139,83.54
"Steuben County, New York","Professional, scientific, and technical services",54,115,70.66
"Steuben County, New York",Construction,23,110,66.37
"Steuben County, New York",Manufacturing,31-33,67,80.27
"Steuben County, New York",Finance and insurance,52,65,86.02
"Steuben County, New York",Transportation and warehousing,48-49,55,83.65
"Steuben County, New York",Administrative and support and waste management and remediation services,56,53,71.20
"Steuben County, New York",Wholesale trade,42,45,87.25
"Steuben County, New York",Real estate and rental and leasing,53,37,79.30
"Steuben County, New York","Arts, entertainment, and recreation",71,28,84.62
"Steuben County, New York",Information,51,27,100.00
"Steuben County, New York","Mining, quarrying, and oil and gas extraction",21,7,100.00
"Steuben County, New York",Educational services,61,7,100.00
"Steuben County, New York",Utilities,22,5,100.00
"Steuben County, New York",Management of companies and enterprises,55,3,100.00
"Steuben County, New York","Agriculture, forestry, fishing and hunting",11,0,100.00
"Suffolk County, New York",Total for all sectors,00,38466,67.80
"Suffolk County, New York",Construction,23,6146,67.72
"Suffolk County, New York","Professional, scientific, and technical services",54,4777,67.37
"Suffolk County, New York",Retail trade,44-45,4486,67.02
"Suffolk County, New York",Other services (except public administration),81,4230,70.16
"Suffolk County, New York",Health care and social assistance,62,3563,70.74
"Suffolk County, New York",Accommodation and food services,72,2963,63.63
"Suffolk County, New York",Administrative and support and waste management and remediation services,56,2727,64.99
"Suffolk County, New York",Wholesale trade,42,2674,71.23
"Suffolk County, New York",Manufacturing,31-33,1714,73.49
"Suffolk County, New York",Finance and insurance,52,1476,72.86
"Suffolk County, New York",Real estate and rental and leasing,53,1236,64.16
"Suffolk County, New York",Transportation and warehousing,48-49,926,65.02
"Suffolk County, New York","Arts, entertainment, and recreation",71,689,66.67
"Suffolk County, New York",Educational services,61,525,63.61
"Suffolk County, New York",Information,51,400,58.79
"Suffolk County, New York",Management of companies and enterprises,55,132,88.15
"Suffolk County, New York","Agriculture, forestry, fishing and hunting",11,53,85.85
"Suffolk County, New York",Utilities,22,24,73.58
"Suffolk County, New York","Mining, quarrying, and oil and gas extraction",21,12,100.00
"Sullivan County, New York",Total for all sectors,00,1405,69.28
"Sullivan County, New York",Retail trade,44-45,207,78.16
"Sullivan County, New York",Accommodation and food services,72,183,57.17
"Sullivan County, New York",Construction,23,176,70.37
"Sullivan County, New York",Other services (except public administration),81,174,80.63
"Sullivan County, New York","Professional, scientific, and technical services",54,131,58.90
"Sullivan County, New York",Health care and social assistance,62,114,71.33
"Sullivan County, New York",Real estate and rental and leasing,53,91,69.38
"Sullivan County, New York",Administrative and support and waste management and remediation services,56,59,65.14
"Sullivan County, New York",Transportation and warehousing,48-49,55,54.43
"Sullivan County, New York",Manufacturing,31-33,49,77.68
"Sullivan County, New York",Finance and insurance,52,43,92.86
"Sullivan County, New York",Wholesale trade,42,38,77.71
"Sullivan County, New York","Arts, entertainment, and recreation",71,31,80.81
"Sullivan County, New York",Information,51,23,86.96
"Sullivan County, New York",Educational services,61,17,100.00
"Sullivan County, New York","Agriculture, forestry, fishing and hunting",11,8,100.00
"Sullivan County, New York",Management of companies and enterprises,55,7,100.00
"Sullivan County, New York",Utilities,22,6,100.00
"Sullivan County, New York","Mining, quarrying, and oil and gas extraction",21,5,100.00
"Tioga County, New York",Total for all sectors,00,623,71.67
"Tioga County, New York",Retail trade,44-45,105,70.20
"Tioga County, New York",Other services (except public administration),81,90,82.37
"Tioga County, New York",Construction,23,81,53.13
"Tioga County, New York",Accommodation and food services,72,76,60.57
"Tioga County, New York","Professional, scientific, and technical services",54,51,81.92
"Tioga County, New York",Health care and social assistance,62,49,94.12
"Tioga County, New York",Administrative and support and waste management and remediation services,56,31,78.11
"Tioga County, New York",Manufacturing,31-33,29,91.18
"Tioga County, New York",Wholesale trade,42,29,100.00
"Tioga County, New York",Finance and insurance,52,20,100.00
"Tioga County, New York",Information,51,17,100.00
"Tioga County, New York",Transportation and warehousing,48-49,15,82.35
"Tioga County, New York","Arts, entertainment, and recreation",71,14,100.00
"Tioga County, New York",Real estate and rental and leasing,53,9,100.00
"Tioga County, New York","Mining, quarrying, and oil and gas extraction",21,5,100.00
"Tioga County, New York",Educational services,61,5,100.00
"Tioga County, New York","Agriculture, forestry, fishing and hunting",11,0,100.00
"Tioga County, New York",Utilities,22,0,100.00
"Tioga County, New York",Management of companies and enterprises,55,0,100.00
"Tompkins County, New York",Total for all sectors,00,1912,70.98
"Tompkins County, New York",Retail trade,44-45,288,74.40
"Tompkins County, New York",Accommodation and food services,72,271,65.35
"Tompkins County, New York","Professional, scientific, and technical services",54,237,65.98
"Tompkins County, New York",Health care and social assistance,62,216,79.68
"Tompkins County, New York",Other services (except public administration),81,210,79.90
"Tompkins County, New York",Construction,23,157,58.71
"Tompkins County, New York",Real estate and rental and leasing,53,97,69.28
"Tompkins County, New York",Administrative and support and waste management and remediation services,56,86,68.17
"Tompkins County, New York",Manufacturing,31-33,82,76.60
"Tompkins County, New York",Finance and insurance,52,56,83.71
"Tompkins County, New York",Information,51,54,81.62
"Tompkins County, New York","Arts, entertainment, and recreation",71,50,70.34
"Tompkins County, New York",Wholesale trade,42,42,85.89
"Tompkins County, New York",Transportation and warehousing,48-49,35,59.08
"Tompkins County, New York",Educational services,61,30,100.00
"Tompkins County, New York","Agriculture, forestry, fishing and hunting",11,7,100.00
"Tompkins County, New York",Management of companies and enterprises,55,5,100.00
"Tompkins County, New York","Mining, quarrying, and oil and gas extraction",21,4,100.00
"Tompkins County, New York",Utilities,22,0,100.00
"Ulster County, New York",Total for all sectors,00,3903,70.06
"Ulster County, New York",Retail trade,44-45,588,73.98
"Ulster County, New York",Accommodation and food services,72,500,67.42
"Ulster County, New York",Construction,23,491,67.75
"Ulster County, New York",Other services (except public administration),81,423,70.39
"Ulster County, New York","Professional, scientific, and technical services",54,378,65.30
"Ulster County, New York",Health care and social assistance,62,355,74.39
"Ulster County, New York",Administrative and support and waste management and remediation services,56,199,65.32
"Ulster County, New York",Manufacturing,31-33,173,73.50
"Ulster County, New York",Real estate and rental and leasing,53,157,66.07
"Ulster County, New York",Wholesale trade,42,140,70.69
"Ulster County, New York","Arts, entertainment, and recreation",71,118,71.54
"Ulster County, New York",Finance and insurance,52,116,81.51
"Ulster County, New York",Transportation and warehousing,48-49,96,68.84
"Ulster County, New York",Information,51,84,83.38
"Ulster County, New York",Educational services,61,78,67.73
"Ulster County, New York","Agriculture, forestry, fishing and hunting",11,12,100.00
"Ulster County, New York",Management of companies and enterprises,55,9,100.00
"Ulster County, New York","Mining, quarrying, and oil and gas extraction",21,5,100.00
"Ulster County, New York",Utilities,22,3,100.00
"Warren County, New York",Total for all sectors,00,1667,73.46
"Warren County, New York",Retail trade,44-45,297,81.51
"Warren County, New York",Accommodation and food services,72,273,70.61
"Warren County, New York",Health care and social assistance,62,175,77.81
"Warren County, New York",Other services (except public administration),81,173,75.51
"Warren County, New York",Construction,23,161,65.66
"Warren County, New York","Professional, scientific, and technical services",54,130,75.75
"Warren County, New York",Administrative and support and waste management and remediation services,56,80,60.79
"Warren County, New York",Manufacturing,31-33,67,74.21
"Warren County, New York","Arts, entertainment, and recreation",71,65,73.46
"Warren County, New York",Real estate and rental and leasing,53,60,68.70
"Warren County, New York",Wholesale trade,42,59,83.23
"Warren County, New York",Finance and insurance,52,52,81.72
"Warren County, New York",Transportation and warehousing,48-49,29,76.53
"Warren County, New York",Information,51,28,90.32
"Warren County, New York",Educational services,61,15,100.00
"Warren County, New York",Management of companies and enterprises,55,14,100.00
"Warren County, New York","Agriculture, forestry, fishing and hunting",11,6,100.00
"Warren County, New York","Mining, quarrying, and oil and gas extraction",21,3,100.00
"Warren County, New York",Utilities,22,0,100.00
"Washington County, New York",Total for all sectors,00,835,71.02
"Washington County, New York",Retail trade,44-45,127,72.79
"Washington County, New York",Construction,23,123,63.05
"Washington County, New York",Other services (except public administration),81,104,79.62
"Washington County, New York",Accommodation and food services,72,92,48.42
"Washington County, New York",Manufacturing,31-33,82,85.44
"Washington County, New York",Health care and social assistance,62,61,95.24
"Washington County, New York","Professional, scientific, and technical services",54,56,68.76
"Washington County, New York",Administrative and support and waste management and remediation services,56,38,80.74
"Washington County, New York",Wholesale trade,42,30,90.00
"Washington County, New York",Transportation and warehousing,48-49,27,69.68
"Washington County, New York","Arts, entertainment, and recreation",71,26,88.89
"Washington County, New York",Finance and insurance,52,23,100.00
"Washington County, New York",Information,51,18,100.00
"Washington County, New York",Real estate and rental and leasing,53,16,83.33
"Washington County, New York","Agriculture, forestry, fishing and hunting",11,8,100.00
"Washington County, New York","Mining, quarrying, and oil and gas extraction",21,5,100.00
"Washington County, New York",Utilities,22,0,100.00
"Washington County, New York",Management of companies and enterprises,55,0,100.00
"Washington County, New York",Educational services,61,0,100.00
"Wayne County, New York",Total for all sectors,00,1340,71.27
"Wayne County, New York",Construction,23,219,68.86
"Wayne County, New York",Retail trade,44-45,192,75.19
"Wayne County, New York",Other services (except public administration),81,176,78.66
"Wayne County, New York",Manufacturing,31-33,124,79.75
"Wayne County, New York",Accommodation and food services,72,121,58.42
"Wayne County, New York",Health care and social assistance,62,94,80.88
"Wayne County, New York","Professional, scientific, and technical services",54,75,59.67
"Wayne County, New York",Administrative and support and waste management and remediation services,56,75,62.81
"Wayne County, New York",Wholesale trade,42,58,83.22
"Wayne County, New York",Finance and insurance,52,45,89.36
"Wayne County, New York",Real estate and rental and leasing,53,44,77.37
"Wayne County, New York",Transportation and warehousing,48-49,41,57.87
"Wayne County, New York","Arts, entertainment, and recreation",71,30,73.35
"Wayne County, New York",Information,51,22,100.00
"Wayne County, New York",Educational services,61,18,68.63
"Wayne County, New York",Management of companies and enterprises,55,5,100.00
"Wayne County, New York","Agriculture, forestry, fishing and hunting",11,4,100.00
"Wayne County, New York","Mining, quarrying, and oil and gas extraction",21,4,100.00
"Wayne County, New York",Utilities,22,0,100.00
"Westchester County, New York",Total for all sectors,00,24652,67.62
"Westchester County, New York","Professional, scientific, and technical services",54,3329,62.18
"Westchester County, New York",Other services (except public administration),81,3067,73.59
"Westchester County, New York",Construction,23,3020,66.66
"Westchester County, New York",Retail trade,44-45,2843,67.72
"Westchester County, New York",Health care and social assistance,62,2634,71.67
"Westchester County, New York",Accommodation and food services,72,2094,63.06
"Westchester County, New York",Real estate and rental and leasing,53,1583,70.95
"Westchester County, New York",Administrative and support and waste management and remediation services,56,1459,67.03
"Westchester County, New York",Wholesale trade,42,1182,68.78
"Westchester County, New York",Finance and insurance,52,1028,68.77
"Westchester County, New York",Educational services,61,523,71.87
"Westchester County, New York","Arts, entertainment, and recreation",71,520,69.29
"Westchester County, New York",Transportation and warehousing,48-49,502,60.28
"Westchester County, New York",Manufacturing,31-33,499,71.84
"Westchester County, New York",Information,51,382,62.39
"Westchester County, New York",Management of companies and enterprises,55,148,90.00
"Westchester County, New York","Agriculture, forestry, fishing and hunting",11,47,69.06
"Westchester County, New York",Utilities,22,14,100.00
"Westchester County, New York","Mining, quarrying, and oil and gas extraction",21,4,100.00
"Wyoming County, New York",Total for all sectors,00,646,77.37
"Wyoming County, New York",Retail trade,44-45,104,79.85
"Wyoming County, New York",Other services (except public administration),81,102,90.35
"Wyoming County, New York",Construction,23,82,64.93
"Wyoming County, New York",Accommodation and food services,72,66,70.48
"Wyoming County, New York",Health care and social assistance,62,55,78.47
"Wyoming County, New York","Professional, scientific, and technical services",54,48,72.28
"Wyoming County, New York",Manufacturing,31-33,43,100.00
"Wyoming County, New York",Wholesale trade,42,27,100.00
"Wyoming County, New York",Administrative and support and waste management and remediation services,56,27,88.46
"Wyoming County, New York",Transportation and warehousing,48-49,21,83.33
"Wyoming County, New York",Finance and insurance,52,16,100.00
"Wyoming County, New York",Real estate and rental and leasing,53,16,81.25
"Wyoming County, New York","Arts, entertainment, and recreation",71,15,100.00
"Wyoming County, New York","Agriculture, forestry, fishing and hunting",11,10,100.00
"Wyoming County, New York",Information,51,10,100.00
"Wyoming County, New York",Utilities,22,4,100.00
"Wyoming County, New York",Educational services,61,3,100.00
"Wyoming County, New York","Mining, quarrying, and oil and gas extraction",21,0,100.00
"Wyoming County, New York",Management of companies and enterprises,55,0,100.00
"Yates County, New York",Total for all sectors,00,434,74.13
"Yates County, New York",Construction,23,74,64.31
"Yates County, New York",Retail trade,44-45,67,76.07
"Yates County, New York",Other services (except public administration),81,61,75.72
"Yates County, New York",Accommodation and food services,72,48,66.73
"Yates County, New York",Manufacturing,31-33,39,100.00
"Yates County, New York",Health care and social assistance,62,28,100.00
"Yates County, New York","Professional, scientific, and technical services",54,23,100.00
"Yates County, New York",Administrative and support and waste management and remediation services,56,19,84.21
"Yates County, New York",Real estate and rental and leasing,53,18,85.00
"Yates County, New York",Wholesale trade,42,15,100.00
"Yates County, New York",Transportation and warehousing,48-49,12,100.00
"Yates County, New York",Finance and insurance,52,11,100.00
"Yates County, New York",Information,51,8,100.00
"Yates County, New York","Arts, entertainment, and recreation",71,7,100.00
"Yates County, New York","Agriculture, forestry, fishing and hunting",11,0,100.00
"Yates County, New York","Mining, quarrying, and oil and gas extraction",21,0,100.00
"Yates County, New York",Utilities,22,0,100.00
"Yates County, New York",Management of companies and enterprises,55,0,100.00
"Yates County, New York",Educational services,61,0,100.00
